<?xml version="1.0" encoding="UTF-8"?>
<beans xmlns="http://www.springframework.org/schema/beans"
	xmlns:xsi="http://www.w3.org/2001/XMLSchema-instance"
	xsi:schemaLocation="http://www.springframework.org/schema/beans http://www.springframework.org/schema/beans/spring-beans.xsd">

	<bean id="customer" class="com.example.myapp.di.Customer">
		<property name="nameList">
			<list>
				<value>JinKyoung</value>
				<value>JSook</value>
				<value>HyunJeong</value>
				<value>HyunJun</value>
				<value>HyunSu</value>
<!-- 				<ref bean="customer"/>
				<bean class="com.example.myapp.di.Customer"/> -->
			</list>
		</property>
				
		<property name="emailList">
			<set>
				<value>HEOJK</value>
				<value>JSOOK</value>
				<value>JEONG</value>
				<value>JUNE</value>
				<value>SU</value>
			</set>
		</property>
		
		<property name="departmentInfo">
			<map>
				<entry key="10" value="Administration"/>
				<entry key="20" value="Marketing"/>
				<entry key="30" value="Purchasing"/>
				<entry key="60" value="IT"/>
			</map>
		</property>
		
		<property name="jobInfo">
			<props>
				<prop key="SA_MAN">Sales Manager</prop>
				<prop key="IT_PROG">IT Programmer</prop>
				<prop key="AC_MAN">Accounting Manager</prop>
				<prop key="ST_MAN">Stock Manager</prop>
			</props>
		</property>
	</bean>
</beans>