<?xml version="1.0" encoding="UTF-8"?>
<!DOCTYPE mapper PUBLIC "-//mybatis.org//DTD Mapper 3.0//EN"
    "http://mybatis.org/dtd/mybatis-3-mapper.dtd">

<mapper namespace="com.example.myapp.member.dao.IMemberRepository">

	<insert id="insertMember" parameterType="com.example.myapp.member.model.Member">
	<![CDATA[
		INSERT INTO 
			member (userid, name, password, phone, email) 
		VALUES 
			(#{userid}, #{name}, #{password}, #{phone}, #{email})
	]]>
	</insert>

	<select id="selectMember" parameterType="string" resultType="com.example.myapp.member.model.Member">
	<![CDATA[
		SELECT userid,	name, password,	phone, email, role 
		FROM   member 
		WHERE  userid=#{userid}
	]]>
	</select>
	
	<select id="selectAllMembers" resultType="com.example.myapp.member.model.Member">
	<![CDATA[
		SELECT userid, name, password, phone, address, role 
		FROM   member
	]]>
	</select>
	
	<update id="updateMember" parameterType="com.example.myapp.member.model.Member">
	<![CDATA[
		UPDATE MEMBER
		SET name=#{name}, password=#{password}, phone=#{phone}, email=#{email} 
		WHERE userid=#{userid}
	]]>
	</update>
	
	<delete id="deleteMember" parameterType="com.example.myapp.member.model.Member">
	<![CDATA[
		DELETE FROM member 
		WHERE userid=#{userid} AND password=#{password}
	]]>
	</delete>
	
	<select id="getPassword" parameterType="string" resultType="string">
	<![CDATA[
		SELECT password
		FROM member
		WHERE userid=#{userid}
	]]>
	</select>
	
</mapper>