<?xml version="1.0" encoding="UTF-8"?>
<beans xmlns="http://www.springframework.org/schema/beans"
	xmlns:xsi="http://www.w3.org/2001/XMLSchema-instance"
	xmlns:context="http://www.springframework.org/schema/context"
	xmlns:tx="http://www.springframework.org/schema/tx"
	xsi:schemaLocation="http://www.springframework.org/schema/beans https://www.springframework.org/schema/beans/spring-beans.xsd
		http://www.springframework.org/schema/context http://www.springframework.org/schema/context/spring-context.xsd
		http://www.springframework.org/schema/tx http://www.springframework.org/schema/tx/spring-tx.xsd">
	
	<!-- 데이터소스 -->
	<bean id="dataSource" class="org.apache.commons.dbcp2.BasicDataSource">
		<property name="driverClassName" value="oracle.jdbc.OracleDriver"/>
		<property name="url" value="jdbc:oracle:thin:@localhost:1521:xe"/>
		<property name="username" value="hr"/>
		<property name="password" value="hr"/>
	</bean>
	
	<!-- JdbcTemplate -->
	<bean id="jdbcTemplate" class="org.springframework.jdbc.core.JdbcTemplate">
		<property name="dataSource" ref="dataSource"/>
	</bean>
	
	<!-- 사용자 빈 -->
	<context:component-scan base-package="com.example.myapp.upload.dao"/>
	<context:component-scan base-package="com.example.myapp.upload.service"/>
	
	<!-- 트랜잭션매니저 -->
	<bean id="transactionManager" 
	      class="org.springframework.jdbc.datasource.DataSourceTransactionManager">
		<property name="dataSource" ref="dataSource"/>
	</bean>
	
	<!-- 어노테이션을 이용한 트랜잭션 설정 -->
	<tx:annotation-driven transaction-manager="transactionManager"/>

</beans>
