<?xml version="1.0" encoding="UTF-8"?>
<beans xmlns="http://www.springframework.org/schema/beans"
	xmlns:xsi="http://www.w3.org/2001/XMLSchema-instance"
	xmlns:context="http://www.springframework.org/schema/context"
	xmlns:aop="http://www.springframework.org/schema/aop"
	xmlns:tx="http://www.springframework.org/schema/tx"
	xsi:schemaLocation="http://www.springframework.org/schema/beans http://www.springframework.org/schema/beans/spring-beans.xsd
		http://www.springframework.org/schema/context http://www.springframework.org/schema/context/spring-context-4.3.xsd
		http://www.springframework.org/schema/aop http://www.springframework.org/schema/aop/spring-aop-4.3.xsd
		http://www.springframework.org/schema/tx http://www.springframework.org/schema/tx/spring-tx-4.3.xsd">

	<!-- 데이터소스 -->
	<bean id="dataSource" class="org.apache.commons.dbcp2.BasicDataSource">
		<property name="driverClassName" value="oracle.jdbc.OracleDriver"/>
		<property name="url" value="jdbc:oracle:thin:@localhost:1521:xe"/>
		<property name="username" value="hr"/>
		<property name="password" value="hr"/>
	</bean>
	
	<!-- JdbcTemplate -->
	<bean id="jdbcTemplate" class="org.springframework.jdbc.core.JdbcTemplate">
		<property name="dataSource" ref="dataSource"/>
	</bean>
	
	<!-- 사용자 빈 -->
	<context:component-scan base-package="com.example.myapp.hr.service"/>
	<context:component-scan base-package="com.example.myapp.hr.dao"/>
	
	<!-- 트랜잭션매니저 -->
	<bean id="transactionManager" 
	      class="org.springframework.jdbc.datasource.DataSourceTransactionManager">
		<property name="dataSource" ref="dataSource"/>
	</bean>
	
	<!-- 어노테이션을 이용한 트랜잭션 설정 -->
	<tx:annotation-driven transaction-manager="transactionManager"/>
	
	<!-- 트랜잭션 설정 -->
<!-- 	<tx:advice id="txAdvice" transaction-manager="transactionManager">
		<tx:attributes>
			<tx:method name="get*" read-only="true"/>
			<tx:method name="*"/>
		</tx:attributes>
	</tx:advice>
	<aop:config>
		<aop:pointcut id="txPointcut" 
					  expression="execution(* com.example.myapp..*Service.*(..))"/>
		<aop:advisor advice-ref="txAdvice" pointcut-ref="txPointcut"/>
	</aop:config> -->
</beans>
