<?xml version="1.0" encoding="UTF-8"?>
<beans xmlns="http://www.springframework.org/schema/beans"
	xmlns:xsi="http://www.w3.org/2001/XMLSchema-instance"
	xmlns:aop="http://www.springframework.org/schema/aop"
	xsi:schemaLocation="http://www.springframework.org/schema/beans http://www.springframework.org/schema/beans/spring-beans.xsd
		http://www.springframework.org/schema/aop http://www.springframework.org/schema/aop/spring-aop-3.1.xsd">

	<bean id="helloSerivce" class="com.example.myapp.aop.HelloService"/>
	
	<bean id="helloController" class="com.example.myapp.aop.HelloController">
		<property name="helloService" ref="helloSerivce"/>
	</bean>
	
	<bean id="helloLog" class="com.example.myapp.aop.HelloLog"/>

	<!-- 어떤 핵심코드에 어떤 공통코드가 언제 실행되는지 설정 -->
	<aop:config>
		<aop:pointcut expression="execution(* com.example..HelloService.sayHello(..))" 
		id="hello"/>
		<aop:aspect ref="helloLog">
			<aop:before method="log" pointcut-ref="hello"/>
			<aop:after method="afterLog" pointcut-ref="hello"/>
			<aop:after-returning method="resultLog" pointcut-ref="hello" returning="resultObj"/>
			<aop:after-throwing method="exceptionLog" pointcut-ref="hello" throwing="exception"/>
			<aop:around method="aroundLog" pointcut-ref="hello"/>
		</aop:aspect>
	</aop:config>
</beans>
